City_ID,City,Country,Lat,Lng,Max Temp,Humidity,Cloudiness,Wind Speed,Current Description,Date
0,East London,ZA,-33.0153,27.9116,75.54,80,100,4.25,overcast clouds,2023-01-19 02:15:58
1,Barrow,US,71.2906,-156.7887,-2.18,78,100,19.57,light snow,2023-01-19 02:14:42
2,Rikitea,PF,-23.1203,-134.9692,77.99,69,100,1.25,overcast clouds,2023-01-19 02:15:58
3,Mataura,NZ,-46.1927,168.8643,81.32,30,7,3.44,clear sky,2023-01-19 02:15:59
4,Punta Arenas,CL,-53.15,-70.9167,60.12,76,0,9.22,clear sky,2023-01-19 02:11:14
5,Puerto Ayora,EC,-0.7393,-90.3518,75.54,94,53,5.32,broken clouds,2023-01-19 02:15:59
6,Port Elizabeth,ZA,-33.918,25.5701,74.1,95,96,3.0,overcast clouds,2023-01-19 02:15:59
7,Hithadhoo,MV,-0.6,73.0833,81.64,73,9,9.06,clear sky,2023-01-19 02:16:00
8,Atuona,PF,-9.8,-139.0333,78.64,77,51,19.3,light rain,2023-01-19 02:15:23
9,Saint-Philippe,RE,-21.3585,55.7679,76.59,89,96,12.37,light rain,2023-01-19 02:16:00
10,Nakusp,CA,50.2499,-117.8023,37.47,100,98,1.14,overcast clouds,2023-01-19 02:16:00
11,Bluff,NZ,-46.6,168.3333,65.73,66,68,10.65,broken clouds,2023-01-19 02:16:01
12,Torbay,CA,47.6666,-52.7314,39.58,94,100,5.75,moderate rain,2023-01-19 02:16:01
13,Dukat,RU,62.55,155.55,-34.15,97,100,5.57,overcast clouds,2023-01-19 02:16:02
14,Goldap,PL,54.3063,22.3036,32.23,94,81,10.85,broken clouds,2023-01-19 02:16:02
15,Miri,MY,4.4148,114.0089,82.53,73,49,2.3,scattered clouds,2023-01-19 02:13:46
16,Port Hardy,CA,50.6996,-127.4199,39.38,93,75,5.75,broken clouds,2023-01-19 02:15:19
17,Port-Gentil,GA,-0.7193,8.7815,81.43,76,94,8.88,overcast clouds,2023-01-19 02:16:03
18,Hermanus,ZA,-34.4187,19.2345,67.8,92,12,7.72,few clouds,2023-01-19 02:16:03
19,Ushuaia,AR,-54.8,-68.3,56.86,58,20,19.57,few clouds,2023-01-19 02:16:03
20,Koumac,NC,-20.5667,164.2833,81.93,62,65,12.35,broken clouds,2023-01-19 02:16:04
21,Gongzhuling,CN,43.5008,124.8198,17.06,53,54,7.47,broken clouds,2023-01-19 02:16:04
22,Envira,BR,-7.3,-70.2167,71.55,99,100,2.53,overcast clouds,2023-01-19 02:16:04
23,Templin,DE,53.1186,13.5022,29.17,84,24,7.25,few clouds,2023-01-19 02:16:05
24,Hilo,US,19.7297,-155.09,76.73,88,100,13.8,moderate rain,2023-01-19 02:16:05
25,Bethel,US,41.3712,-73.414,45.01,70,100,5.01,overcast clouds,2023-01-19 02:16:06
26,Albany,US,42.6001,-73.9662,40.64,82,100,5.99,overcast clouds,2023-01-19 02:13:58
27,Pisco,PE,-13.7,-76.2167,71.65,83,100,1.14,overcast clouds,2023-01-19 02:15:49
28,Lagoa,PT,39.05,-27.9833,55.6,70,0,4.85,clear sky,2023-01-19 02:16:06
29,Esperance,AU,-33.8667,121.9,69.57,48,100,11.25,overcast clouds,2023-01-19 02:16:07
30,Hasaki,JP,35.7333,140.8333,46.22,57,89,14.83,overcast clouds,2023-01-19 02:16:07
31,Luanda,AO,-8.8368,13.2343,77.0,88,100,8.05,overcast clouds,2023-01-19 02:16:07
32,New Norfolk,AU,-42.7826,147.0587,63.9,45,18,3.0,few clouds,2023-01-19 02:16:08
33,Busselton,AU,-33.65,115.3333,77.61,40,0,8.75,clear sky,2023-01-19 02:16:08
34,Yar-Sale,RU,66.8333,70.8333,2.08,97,100,4.03,overcast clouds,2023-01-19 02:16:09
35,Guerrero Negro,MX,27.9769,-114.0611,57.99,59,98,9.48,overcast clouds,2023-01-19 02:16:09
36,Kapaa,US,22.0752,-159.319,80.92,80,100,9.22,overcast clouds,2023-01-19 02:16:09
37,Carnarvon,AU,-24.8667,113.6333,88.29,50,1,10.92,clear sky,2023-01-19 02:16:10
38,Codrington,AU,-38.2667,141.9667,62.98,45,30,16.35,scattered clouds,2023-01-19 02:16:10
39,Mayumba,GA,-3.432,10.6554,77.92,85,100,6.35,overcast clouds,2023-01-19 02:16:10
40,Cravo Norte,CO,6.3017,-70.2041,80.38,44,52,5.44,broken clouds,2023-01-19 02:16:11
41,Sinegorskiy,RU,48.0139,40.8447,31.69,90,95,11.48,overcast clouds,2023-01-19 02:16:11
42,Ramjibanpur,IN,22.8333,87.6167,57.72,53,0,6.06,clear sky,2023-01-19 02:16:12
43,Manzanillo,CU,20.3433,-77.1167,69.58,70,5,7.07,clear sky,2023-01-19 02:15:15
44,Saint-Francois,FR,46.4154,3.9054,29.64,86,100,4.61,mist,2023-01-19 02:13:25
45,Timizart,DZ,36.8,4.2667,41.49,86,100,3.29,moderate rain,2023-01-19 02:16:12
46,Alyangula,AU,-13.8483,136.4192,82.2,75,96,13.71,overcast clouds,2023-01-19 02:16:13
47,Qaanaaq,GL,77.484,-69.3632,-20.2,97,100,5.82,overcast clouds,2023-01-19 02:16:13
48,Thompson,CA,55.7435,-97.8558,14.16,92,100,5.75,overcast clouds,2023-01-19 02:13:43
49,Vaini,TO,-21.2,-175.2,87.96,74,75,12.66,broken clouds,2023-01-19 02:16:13
50,Cap Malheureux,MU,-19.9842,57.6142,78.48,84,97,5.01,light rain,2023-01-19 02:16:14
51,Kasempa,ZM,-13.4584,25.8338,61.54,99,100,3.65,overcast clouds,2023-01-19 02:16:14
52,Olga,RU,43.7444,135.2892,18.79,74,100,3.78,overcast clouds,2023-01-19 02:16:15
53,Lompoc,US,34.6391,-120.4579,50.77,87,0,5.75,clear sky,2023-01-19 02:16:15
54,Tasiilaq,GL,65.6145,-37.6368,8.76,81,100,4.0,overcast clouds,2023-01-19 02:16:16
55,Saskylakh,RU,71.9167,114.0833,-37.48,100,37,0.63,scattered clouds,2023-01-19 02:16:16
56,Karpathos,GR,35.507,27.2132,62.56,72,46,16.11,scattered clouds,2023-01-19 02:16:16
57,Bredasdorp,ZA,-34.5322,20.0403,67.32,86,6,5.66,clear sky,2023-01-19 02:16:17
58,Qui Nhon,VN,13.7667,109.2333,70.93,83,100,17.58,overcast clouds,2023-01-19 02:16:17
59,Maniitsoq,GL,65.4167,-52.9,14.27,54,100,6.31,overcast clouds,2023-01-19 02:16:18
60,Dikson,RU,73.5069,80.5464,-21.77,82,100,5.41,overcast clouds,2023-01-19 02:16:18
61,Jamestown,US,42.097,-79.2353,35.24,72,100,4.61,overcast clouds,2023-01-19 02:15:20
62,Krasnogvardeyets,RU,52.6804,52.3635,-1.55,86,2,4.23,clear sky,2023-01-19 02:16:18
63,Hay River,CA,60.8156,-115.7999,12.18,85,75,2.3,mist,2023-01-19 02:16:19
64,Wawa,NG,9.9022,4.4192,75.45,26,0,7.49,clear sky,2023-01-19 02:15:22
65,Cervo,ES,43.6702,-7.4101,47.62,70,97,12.66,overcast clouds,2023-01-19 02:16:19
66,Wajir,KE,1.7471,40.0573,72.41,68,99,12.68,overcast clouds,2023-01-19 02:16:19
67,Kalmunai,LK,7.4167,81.8167,75.42,69,11,7.47,few clouds,2023-01-19 02:16:20
68,Zhigansk,RU,66.7697,123.3711,-48.95,95,85,11.97,overcast clouds,2023-01-19 02:16:20
69,Port Alfred,ZA,-33.5906,26.891,72.18,90,93,7.4,overcast clouds,2023-01-19 02:16:21
70,Mangit,UZ,40.5971,70.9607,22.06,64,95,3.83,overcast clouds,2023-01-19 02:16:21
71,Kruisfontein,ZA,-34.0033,24.7314,71.89,77,56,10.89,broken clouds,2023-01-19 02:16:21
72,Buenos Aires,AR,-34.6132,-58.3772,79.95,78,0,14.97,clear sky,2023-01-19 02:16:02
73,Shushtar,IR,32.0455,48.8567,52.25,76,0,2.26,clear sky,2023-01-19 02:16:22
74,Saint-Denis,FR,48.9167,2.3333,35.76,93,100,8.05,fog,2023-01-19 02:16:22
75,Zhezkazgan,KZ,47.8043,67.7144,3.18,85,0,13.42,clear sky,2023-01-19 02:16:22
76,Cape Town,ZA,-33.9258,18.4232,66.09,85,75,6.91,broken clouds,2023-01-19 02:16:23
77,Fort Nelson,CA,58.8053,-122.7002,6.39,92,75,5.75,broken clouds,2023-01-19 02:16:23
78,Ust-Koksa,RU,50.2696,85.6108,1.35,97,100,0.34,overcast clouds,2023-01-19 02:16:24
79,Ejea De Los Caballeros,ES,42.1263,-1.1372,37.62,86,100,19.71,overcast clouds,2023-01-19 02:16:24
80,Airai,TL,-8.9266,125.4092,70.52,72,100,3.53,overcast clouds,2023-01-19 02:16:25
81,Willowmore,ZA,-33.2926,23.4895,73.58,66,100,1.21,overcast clouds,2023-01-19 02:16:25
82,Axim,GH,4.8699,-2.2405,78.4,87,97,6.82,overcast clouds,2023-01-19 02:16:25
83,Butaritari,KI,3.0707,172.7902,80.44,80,83,15.7,light rain,2023-01-19 02:16:26
84,Souillac,MU,-20.5167,57.5167,77.38,94,75,11.5,light intensity shower rain,2023-01-19 02:16:26
85,Rafaela,AR,-31.2503,-61.4867,78.98,50,7,8.48,clear sky,2023-01-19 02:16:26
86,Mar Del Plata,AR,-38.0023,-57.5575,74.08,91,75,17.0,broken clouds,2023-01-19 02:16:12
87,Vardo,NO,70.3705,31.1107,33.78,80,100,23.02,overcast clouds,2023-01-19 02:12:23
88,Cayenne,GF,4.9333,-52.3333,73.44,100,75,2.3,broken clouds,2023-01-19 02:16:27
89,Severo-Kurilsk,RU,50.6789,156.125,16.11,62,100,28.39,light snow,2023-01-19 02:16:27
90,Bombarral,PT,39.2672,-9.158,48.15,68,43,6.24,scattered clouds,2023-01-19 02:15:08
91,Cidreira,BR,-30.1811,-50.2056,74.19,90,100,14.45,overcast clouds,2023-01-19 02:16:28
92,Sistranda,NO,63.7256,8.834,31.96,87,100,19.91,light snow,2023-01-19 02:16:28
93,Maceio,BR,-9.6658,-35.7353,76.44,94,75,3.44,broken clouds,2023-01-19 02:16:29
94,Riacho De Santana,BR,-13.6092,-42.9389,68.52,80,26,4.61,scattered clouds,2023-01-19 02:16:29
95,Longyearbyen,SJ,78.2186,15.6401,13.84,67,0,8.05,clear sky,2023-01-19 02:16:29
96,Douentza,ML,14.9951,-2.9517,65.53,18,0,0.83,clear sky,2023-01-19 02:16:30
97,Asau,RO,46.4333,26.4,42.28,83,40,3.69,scattered clouds,2023-01-19 02:16:30
98,Semporna,MY,4.4818,118.6112,82.87,73,100,4.74,overcast clouds,2023-01-19 02:16:30
99,Foso,GH,5.7012,-1.2866,74.37,92,100,3.83,overcast clouds,2023-01-19 02:16:31
100,Igbo Ora,NG,7.4333,3.2833,75.15,80,1,1.54,clear sky,2023-01-19 02:16:31
101,Grindavik,IS,63.8424,-22.4338,23.47,74,0,9.22,clear sky,2023-01-19 02:16:31
102,Urumqi,CN,43.801,87.6005,-12.05,84,75,2.24,fog,2023-01-19 02:16:32
103,Zhukovka,RU,53.534,33.728,41.27,97,100,13.6,overcast clouds,2023-01-19 02:16:32
104,Khatanga,RU,71.9667,102.5,-33.21,99,16,6.04,few clouds,2023-01-19 02:16:32
105,Tynda,RU,55.1667,124.7167,-39.37,86,52,3.15,broken clouds,2023-01-19 02:16:33
106,Flin Flon,CA,54.7682,-101.865,5.32,99,86,4.74,overcast clouds,2023-01-19 02:16:33
107,Ukiah,US,39.1502,-123.2078,49.03,91,100,16.11,moderate rain,2023-01-19 02:16:33
108,Sur,OM,22.5667,59.5289,70.5,74,81,13.18,broken clouds,2023-01-19 02:16:34
109,Little Current,CA,45.9793,-81.9248,30.42,89,44,4.0,scattered clouds,2023-01-19 02:15:19
110,Paamiut,GL,61.994,-49.6678,26.82,92,100,7.94,light snow,2023-01-19 02:16:34
111,Olafsvik,IS,64.8945,-23.7142,27.19,75,98,16.15,overcast clouds,2023-01-19 02:16:34
112,Friendly,US,38.7518,-76.9786,47.39,73,0,9.22,clear sky,2023-01-19 02:13:54
113,Yellowknife,CA,62.456,-114.3525,11.91,97,100,8.37,overcast clouds,2023-01-19 02:13:10
114,Ponta Do Sol,PT,32.6667,-17.1,61.43,69,54,8.66,broken clouds,2023-01-19 02:16:35
115,Pueblo,US,38.2545,-104.6091,34.56,74,75,8.05,broken clouds,2023-01-19 02:16:35
116,Mwingi,KE,-0.9344,38.0601,62.17,62,100,0.6,overcast clouds,2023-01-19 02:16:36
117,Tiznit,MA,29.5833,-9.5,50.88,76,0,3.78,clear sky,2023-01-19 02:16:36
118,Madikeri,IN,12.4167,75.7333,52.99,68,15,4.25,few clouds,2023-01-19 02:16:36
119,Castelldefels,ES,41.2779,1.9703,44.2,64,0,4.61,clear sky,2023-01-19 02:16:37
120,Faanui,PF,-16.4833,-151.75,80.85,72,13,13.27,light rain,2023-01-19 02:16:37
121,Hobart,AU,-42.8794,147.3294,64.26,50,75,10.36,broken clouds,2023-01-19 02:16:37
122,Minab,IR,27.1467,57.0801,57.54,60,17,18.07,few clouds,2023-01-19 02:16:38
123,Camana,PE,-16.6228,-72.7111,71.06,83,72,5.12,broken clouds,2023-01-19 02:16:38
124,Saldanha,ZA,-33.0117,17.9442,64.67,95,89,6.51,overcast clouds,2023-01-19 02:16:38
125,Chokurdakh,RU,70.6333,147.9167,-35.91,100,30,5.88,scattered clouds,2023-01-19 02:16:38
126,Port Macquarie,AU,-31.4333,152.9167,83.89,69,98,10.18,overcast clouds,2023-01-19 02:16:19
127,Tabuk,PH,17.4189,121.4443,71.2,89,100,3.65,overcast clouds,2023-01-19 02:16:39
128,Kahului,US,20.8947,-156.47,84.22,50,40,9.22,scattered clouds,2023-01-19 02:16:39
129,Shimoda,JP,34.6667,138.95,46.76,71,100,11.9,overcast clouds,2023-01-19 02:16:40
130,Dunedin,NZ,-45.8742,170.5036,68.88,73,36,8.61,scattered clouds,2023-01-19 02:15:48
131,San Joaquin,US,37.9333,-121.3011,53.85,71,40,11.5,scattered clouds,2023-01-19 02:16:40
132,Mount Gambier,AU,-37.8333,140.7667,64.31,41,14,13.04,few clouds,2023-01-19 02:16:40
133,Cabo San Lucas,MX,22.8909,-109.9124,68.31,72,20,3.44,few clouds,2023-01-19 02:13:01
134,Linxia,CN,35.6003,103.2064,13.75,68,2,0.63,clear sky,2023-01-19 02:16:41
135,Lebu,CL,-37.6167,-73.65,56.1,87,63,7.16,broken clouds,2023-01-19 02:16:41
136,Geraldton,AU,-28.7667,114.6,100.81,28,0,17.27,clear sky,2023-01-19 02:16:42
137,Acajutla,SV,13.5928,-89.8275,75.18,81,3,4.05,clear sky,2023-01-19 02:16:42
138,San Jose,US,37.3394,-121.895,55.54,68,100,4.61,overcast clouds,2023-01-19 02:12:03
139,Arraial Do Cabo,BR,-22.9661,-42.0278,74.39,90,100,14.7,overcast clouds,2023-01-19 02:16:42
140,Hirara,JP,24.8,125.2833,66.47,68,40,11.5,scattered clouds,2023-01-19 02:16:43
141,Tevriz,RU,57.509,72.4042,5.31,98,75,4.63,broken clouds,2023-01-19 02:16:43
142,Malanje,AO,-9.5402,16.341,61.68,95,100,0.29,overcast clouds,2023-01-19 02:16:44
143,Sobolevo,RU,54.4299,31.8996,40.35,95,96,17.45,overcast clouds,2023-01-19 02:16:44
144,Nikolskoye,RU,59.7035,30.7861,33.78,98,100,10.47,snow,2023-01-19 02:16:45
145,Kodiak,US,57.79,-152.4072,27.91,93,100,8.05,light snow,2023-01-19 02:16:45
146,Meulaboh,ID,4.1363,96.1285,76.93,71,99,3.09,overcast clouds,2023-01-19 02:13:06
147,Phek,IN,25.6667,94.5,38.28,77,14,1.45,few clouds,2023-01-19 02:16:46
148,Gustavo Diaz Ordaz,MX,26.2333,-98.5833,78.69,66,52,10.83,broken clouds,2023-01-19 02:16:46
149,Tuktoyaktuk,CA,69.4541,-133.0374,8.6,85,100,3.44,light snow,2023-01-19 02:16:46
150,Pevek,RU,69.7008,170.3133,-23.12,97,100,10.0,overcast clouds,2023-01-19 02:16:47
151,Saint-Pierre,RE,-21.3393,55.4781,82.56,88,100,6.91,light rain,2023-01-19 02:16:47
152,Muzhi,RU,65.3667,64.6667,2.32,94,18,4.79,few clouds,2023-01-19 02:16:47
153,Namibe,AO,-15.1961,12.1522,73.62,74,100,4.85,overcast clouds,2023-01-19 02:16:47
154,Soc Trang,VN,9.6033,105.98,77.13,71,100,4.9,overcast clouds,2023-01-19 02:16:48
155,Boguchany,RU,58.3814,97.4531,-39.98,100,100,2.19,overcast clouds,2023-01-19 02:16:48
156,Lampazos De Naranjo,MX,27.0167,-100.5167,64.56,34,7,5.7,clear sky,2023-01-19 02:16:48
157,Tiksi,RU,71.6872,128.8694,-29.63,100,93,0.58,overcast clouds,2023-01-19 02:16:49
158,Belle Fourche,US,44.6714,-103.8522,34.09,79,100,3.22,overcast clouds,2023-01-19 02:12:03
159,Srednekolymsk,RU,67.45,153.6833,-27.71,99,100,4.56,overcast clouds,2023-01-19 02:16:49
160,Gushikawa,JP,26.3544,127.8686,64.4,53,0,9.22,clear sky,2023-01-19 02:16:49
161,Pangnirtung,CA,66.1451,-65.7125,-17.1,63,4,6.24,clear sky,2023-01-19 02:16:50
162,Port Lincoln,AU,-34.7333,135.8667,63.72,53,90,15.23,overcast clouds,2023-01-19 02:16:50
163,Alice Springs,AU,-23.7,133.8833,88.21,40,7,10.36,clear sky,2023-01-19 02:16:50
164,Namatanai,PG,-3.6667,152.4333,82.98,75,95,6.78,light rain,2023-01-19 02:16:51
165,Kaeo,NZ,-35.1,173.7833,71.38,70,74,5.39,broken clouds,2023-01-19 02:16:51
166,Kefamenanu,ID,-9.4467,124.4781,82.31,66,100,3.33,overcast clouds,2023-01-19 02:16:51
167,High Rock,BS,26.6208,-78.2833,64.42,65,23,10.42,few clouds,2023-01-19 02:16:52
168,Adre,TD,13.4667,22.2,63.57,21,62,9.51,broken clouds,2023-01-19 02:16:52
169,Valparaiso,CL,-33.0393,-71.6273,63.48,100,0,2.3,clear sky,2023-01-19 02:16:52
170,Kavaratti,IN,10.5669,72.642,80.44,72,76,10.49,broken clouds,2023-01-19 02:16:53
171,Hovd,MN,48.0056,91.6419,3.42,70,100,1.1,overcast clouds,2023-01-19 02:16:53
172,Xuddur,SO,4.1213,43.8894,67.12,77,87,13.49,overcast clouds,2023-01-19 02:16:53
173,Racine,US,42.7495,-88.0751,35.64,86,100,14.97,overcast clouds,2023-01-19 02:16:54
174,Norman Wells,CA,65.282,-126.8329,-3.96,84,100,0.0,overcast clouds,2023-01-19 02:16:54
175,Taoudenni,ML,22.6783,-3.9836,64.65,27,100,9.69,overcast clouds,2023-01-19 02:16:54
176,Charleston,US,32.7766,-79.9309,62.29,95,100,5.75,mist,2023-01-19 02:15:46
177,Port-Cartier,CA,50.0334,-66.8654,32.76,79,100,9.13,overcast clouds,2023-01-19 02:16:55
178,Chiredzi,ZW,-21.05,31.6667,70.09,85,100,4.32,overcast clouds,2023-01-19 02:16:55
179,Ambunti,PG,-4.2365,142.8448,87.24,60,99,5.48,overcast clouds,2023-01-19 02:16:55
180,Georgetown,MY,5.4112,100.3354,82.33,65,20,11.5,few clouds,2023-01-19 02:15:33
181,Tessalit,ML,20.1986,1.0114,64.2,17,96,1.23,overcast clouds,2023-01-19 02:16:56
182,Chuy,UY,-33.6971,-53.4616,72.37,70,100,10.94,overcast clouds,2023-01-19 02:16:56
183,Sorong,ID,-0.8833,131.25,82.18,74,100,9.51,overcast clouds,2023-01-19 02:16:56
184,Cedar City,US,37.6775,-113.0619,25.77,74,0,4.61,clear sky,2023-01-19 02:13:39
185,Kichera,RU,55.9375,110.0997,-19.88,92,100,1.48,overcast clouds,2023-01-19 02:16:57
186,Lekoni,GA,-1.5843,14.2591,75.45,77,98,4.34,overcast clouds,2023-01-19 02:16:57
187,Tangi,PK,34.3006,71.6536,43.12,36,79,1.5,broken clouds,2023-01-19 02:16:58
188,Caicedo,CO,6.4051,-75.9826,60.04,95,99,2.8,overcast clouds,2023-01-19 02:16:58
189,Zhangjiakou,CN,40.81,114.8794,18.41,59,55,16.71,broken clouds,2023-01-19 02:16:58
190,Amahai,ID,-3.3333,128.9167,86.4,61,99,3.94,overcast clouds,2023-01-19 02:16:59
191,Ahipara,NZ,-35.1667,173.1667,71.89,62,10,9.22,clear sky,2023-01-19 02:16:59
192,Ginda,IN,30.6945,78.4932,41.38,46,100,2.59,overcast clouds,2023-01-19 02:16:59
193,Cienaga,CO,11.007,-74.2476,82.98,65,53,11.5,broken clouds,2023-01-19 02:16:59
194,Avarua,CK,-21.2078,-159.775,77.05,88,100,13.8,light rain,2023-01-19 02:17:01
195,Karasjok,NO,69.4719,25.5112,29.23,95,100,15.48,light snow,2023-01-19 02:17:01
196,Port Moresby,PG,-9.4431,147.1797,84.04,65,99,20.29,overcast clouds,2023-01-19 02:12:08
197,Clyde River,CA,70.4692,-68.5914,-19.97,76,100,5.75,light snow,2023-01-19 02:17:02
198,Whitianga,NZ,-36.8333,175.7,69.64,80,81,3.29,broken clouds,2023-01-19 02:17:02
199,Lima,PE,-12.0432,-77.0282,73.9,78,0,8.05,clear sky,2023-01-19 02:16:30
200,Chichigalpa,NI,12.5776,-87.027,71.6,84,4,0.89,clear sky,2023-01-19 02:17:02
201,Peleduy,RU,59.6289,112.7406,-33.38,91,100,3.94,overcast clouds,2023-01-19 02:17:03
202,Umm Kaddadah,SD,13.6017,26.6876,60.55,22,48,13.04,scattered clouds,2023-01-19 02:17:03
203,Talnakh,RU,69.4865,88.3972,-28.39,81,87,3.6,overcast clouds,2023-01-19 02:12:46
204,Andenes,NO,69.3143,16.1194,30.92,64,100,11.5,overcast clouds,2023-01-19 02:17:04
205,Belmonte,BR,-15.8631,-38.8828,75.38,86,35,2.95,scattered clouds,2023-01-19 02:17:04
206,Mildura,AU,-34.2,142.15,70.07,42,0,17.02,clear sky,2023-01-19 02:17:04
207,Flinders,AU,-34.5833,150.8552,65.37,77,100,15.26,overcast clouds,2023-01-19 02:13:53
208,Nago,JP,26.5881,127.9761,65.25,58,0,9.91,clear sky,2023-01-19 02:17:05
209,Vallenar,CL,-28.5708,-70.7581,69.35,58,0,2.1,clear sky,2023-01-19 02:17:05
210,Fereydunshahr,IR,32.941,50.121,11.3,42,0,2.3,clear sky,2023-01-19 02:17:05
211,Baykit,RU,61.67,96.37,-45.67,99,72,1.79,broken clouds,2023-01-19 02:17:06
212,Juneau,US,58.3019,-134.4197,38.21,94,100,13.8,light snow,2023-01-19 02:17:06
213,Saint George,US,37.1041,-113.5841,41.95,56,0,9.22,clear sky,2023-01-19 02:17:06
214,Cairns,AU,-16.9167,145.7667,84.15,70,100,10.36,overcast clouds,2023-01-19 02:15:53
215,Jiayuguan,CN,39.8167,98.3,9.09,64,54,5.21,broken clouds,2023-01-19 02:17:07
216,Ca Mau,VN,9.1769,105.15,74.73,71,100,4.97,overcast clouds,2023-01-19 02:17:07
217,Bambous Virieux,MU,-20.3428,57.7575,78.22,94,75,11.5,light intensity shower rain,2023-01-19 02:17:07
218,Nemuro,JP,43.3236,145.575,21.6,62,79,8.43,broken clouds,2023-01-19 02:14:20
219,Kristiinankaupunki,FI,62.2743,21.376,28.09,96,100,9.37,overcast clouds,2023-01-19 02:17:08
220,Saint-Avold,FR,49.1027,6.7006,32.34,91,12,5.88,few clouds,2023-01-19 02:17:08
221,Lavrentiya,RU,65.5833,-171.0,-21.71,93,17,7.63,few clouds,2023-01-19 02:17:08
222,Mount Isa,AU,-20.7333,139.5,92.97,33,3,11.5,clear sky,2023-01-19 02:17:09
223,Harper,LR,4.375,-7.7169,78.42,84,65,5.77,broken clouds,2023-01-19 02:17:09
224,Nome,US,64.5011,-165.4064,-9.33,65,0,4.61,clear sky,2023-01-19 02:17:10
225,Ostrovnoy,RU,68.0531,39.5131,29.68,89,100,15.93,overcast clouds,2023-01-19 02:17:10
226,Khuzdar,PK,27.7384,66.6434,47.12,62,100,3.24,overcast clouds,2023-01-19 02:17:10
227,San Cristobal,VE,7.7669,-72.225,68.18,84,19,1.52,few clouds,2023-01-19 02:17:11
228,Victoria,HK,22.2855,114.1577,62.94,70,0,3.0,clear sky,2023-01-19 02:17:11
229,Keningau,MY,5.3378,116.1602,80.44,79,86,1.57,overcast clouds,2023-01-19 02:17:11
230,Panguna,PG,-6.3164,155.4848,81.99,65,56,5.1,light rain,2023-01-19 02:17:12
231,Tromso,NO,69.6496,18.957,30.22,69,100,20.71,light snow,2023-01-19 02:17:12
232,Moura,PT,38.1401,-7.4486,39.31,86,0,5.17,clear sky,2023-01-19 02:17:12
233,Ketchikan,US,55.3422,-131.6461,39.18,91,97,4.76,light rain,2023-01-19 02:17:13
234,Saint-Joseph,RE,-21.3667,55.6167,81.46,87,94,11.95,light rain,2023-01-19 02:17:13
235,Bereda,ES,43.2686,-7.5406,41.41,100,89,2.84,overcast clouds,2023-01-19 02:17:13
236,Yulara,AU,-25.2406,130.9889,84.51,31,56,13.29,broken clouds,2023-01-19 02:15:47
237,Cockburn Town,TC,21.4612,-71.1419,76.48,60,5,15.1,clear sky,2023-01-19 02:17:14
238,Leningradskiy,RU,69.3833,178.4167,-20.94,98,100,23.17,light snow,2023-01-19 02:17:14
239,Dire,ML,12.2833,-10.9667,72.73,16,0,1.54,clear sky,2023-01-19 02:17:15
240,Nhulunbuy,AU,-12.2333,136.7667,84.81,74,75,10.36,broken clouds,2023-01-19 02:17:15
241,Brigantine,US,39.4101,-74.3646,45.14,72,0,10.36,clear sky,2023-01-19 02:17:15
242,San Luis,AR,-33.295,-66.3356,75.18,62,92,9.35,overcast clouds,2023-01-19 02:17:15
243,Sioux Lookout,CA,50.1001,-91.917,14.07,92,100,5.75,overcast clouds,2023-01-19 02:17:16
244,Adrar,MR,20.5022,-10.0711,61.18,36,99,8.66,overcast clouds,2023-01-19 02:17:16
245,Plouzane,FR,48.3833,-4.6167,41.05,75,0,6.91,clear sky,2023-01-19 02:17:17
246,Inhambane,MZ,-23.865,35.3833,77.32,88,37,3.96,scattered clouds,2023-01-19 02:17:17
247,Lewistown,US,40.5992,-77.5714,42.82,87,100,4.61,overcast clouds,2023-01-19 02:17:17
248,Severodvinsk,RU,64.5635,39.8302,28.51,94,100,12.62,overcast clouds,2023-01-19 02:17:18
249,Chara,RU,56.9064,118.2631,-37.98,89,95,0.74,overcast clouds,2023-01-19 02:17:18
250,Llallagua,BO,-18.4167,-66.6333,43.56,73,71,12.88,broken clouds,2023-01-19 02:17:18
251,Moose Factory,CA,51.2585,-80.6094,-11.43,100,38,3.51,scattered clouds,2023-01-19 02:17:18
252,Muros,ES,42.7762,-9.0603,39.09,96,81,10.45,broken clouds,2023-01-19 02:17:19
253,Provideniya,RU,64.3833,-173.3,-11.09,58,20,11.18,few clouds,2023-01-19 02:17:19
254,Aljezur,PT,37.3191,-8.8033,46.8,76,43,5.19,scattered clouds,2023-01-19 02:17:19
255,Kyra,RU,49.5776,111.9753,-15.34,72,6,12.84,clear sky,2023-01-19 02:12:20
256,Ayan,RU,56.45,138.1667,-27.24,65,1,8.23,clear sky,2023-01-19 02:17:20
257,Bubaque,GW,11.2833,-15.8333,77.56,67,1,5.93,clear sky,2023-01-19 02:17:21
258,Portland,US,45.5234,-122.6762,43.09,93,75,7.0,broken clouds,2023-01-19 02:12:36
259,Kaitangata,NZ,-46.2817,169.8464,67.96,69,13,7.96,few clouds,2023-01-19 02:17:21
260,Igrim,RU,63.1906,64.4162,-3.37,100,77,3.04,broken clouds,2023-01-19 02:17:21
261,Kosh-Agach,RU,50.0,88.6667,-13.16,98,100,2.93,overcast clouds,2023-01-19 02:17:22
262,Faya,SA,18.3851,42.4509,46.92,63,2,2.82,clear sky,2023-01-19 02:17:22
263,Castro,BR,-24.7911,-50.0119,62.58,90,100,2.13,overcast clouds,2023-01-19 02:17:23
264,Ossora,RU,59.2353,163.0719,-1.32,83,100,9.31,overcast clouds,2023-01-19 02:17:23
265,Lichtenburg,ZA,-26.152,26.1597,64.67,63,29,8.28,scattered clouds,2023-01-19 02:17:23
266,Aksarka,RU,66.5606,67.7975,12.9,85,92,10.11,overcast clouds,2023-01-19 02:17:24
267,Goedereede,NL,51.8175,3.9806,39.97,86,100,1.01,moderate rain,2023-01-19 02:17:24
268,Palmer,US,42.1584,-72.3287,42.42,77,75,9.22,broken clouds,2023-01-19 02:17:25
269,Youkounkoun,GN,12.5333,-13.1333,74.21,16,0,5.01,clear sky,2023-01-19 02:17:25
270,Mizan Teferi,ET,6.9833,35.5833,62.85,60,83,2.62,broken clouds,2023-01-19 02:17:25
271,Brokopondo,SR,4.75,-55.1667,73.44,90,87,8.03,overcast clouds,2023-01-19 02:17:25
272,Barentu,ER,15.1139,37.5928,62.71,78,1,4.0,clear sky,2023-01-19 02:17:26
273,Payo,ID,-3.7508,103.6372,72.73,98,100,2.51,overcast clouds,2023-01-19 02:17:26
274,Iqaluit,CA,63.7506,-68.5145,-20.31,68,0,3.44,clear sky,2023-01-19 02:17:27
275,Jinji,CN,23.2281,110.8261,49.84,61,100,2.84,overcast clouds,2023-01-19 02:17:27
276,Pokhara,NP,28.2333,83.9833,49.41,35,0,3.47,clear sky,2023-01-19 02:17:27
277,Nacozari,MX,25.3366,-108.2574,63.5,42,10,13.33,clear sky,2023-01-19 02:17:28
278,Barcelona,ES,41.3888,2.159,44.74,64,0,11.01,clear sky,2023-01-19 02:13:04
279,Langenthal,CH,47.2153,7.7961,28.47,87,99,3.0,overcast clouds,2023-01-19 02:17:28
280,Prince Rupert,CA,54.3161,-130.3201,37.49,93,100,5.75,light rain,2023-01-19 02:12:40
281,Daru,PG,-9.0763,143.2092,84.67,68,100,11.99,overcast clouds,2023-01-19 02:17:29
282,Kathu,TH,7.9178,98.3332,80.42,73,83,9.57,broken clouds,2023-01-19 02:17:29
283,Pundaguitan,PH,6.3711,126.1689,81.03,78,42,9.57,scattered clouds,2023-01-19 02:17:29
284,Petatlan,MX,17.5167,-101.2667,78.6,83,100,3.42,overcast clouds,2023-01-19 02:17:30
285,Olinda,BR,-8.0089,-34.8553,80.33,78,40,8.05,scattered clouds,2023-01-19 02:17:30
286,Bedesa,ET,8.9,40.7833,55.08,53,29,4.85,scattered clouds,2023-01-19 02:17:30
287,Grand-Santi,GF,4.25,-54.3833,70.47,98,83,2.24,broken clouds,2023-01-19 02:17:31
288,Dickinson,US,29.4608,-95.0513,66.31,75,40,0.0,scattered clouds,2023-01-19 02:17:31
289,Matara,LK,5.9485,80.5353,71.65,73,100,11.43,overcast clouds,2023-01-19 02:17:32
290,Grand Gaube,MU,-20.0064,57.6608,78.39,84,96,5.01,light rain,2023-01-19 02:17:32
291,Peremyshlyany,UA,49.6652,24.5585,39.24,77,100,6.51,overcast clouds,2023-01-19 02:17:32
292,Pedernales,DO,18.0384,-71.744,73.96,65,0,5.08,clear sky,2023-01-19 02:17:33
293,Pychas,RU,56.5033,52.4409,1.51,89,100,4.34,overcast clouds,2023-01-19 02:17:33
294,Qaqortoq,GL,60.7167,-46.0333,26.53,85,100,9.31,light snow,2023-01-19 02:17:33
295,Tigre,AR,-34.426,-58.5796,80.22,77,0,10.36,light rain,2023-01-19 02:17:33
296,Ajdabiya,LY,30.7554,20.2263,55.11,47,100,13.09,overcast clouds,2023-01-19 02:17:34
297,Seoul,KR,37.5683,126.9778,31.44,53,88,5.59,overcast clouds,2023-01-19 02:14:22
298,Timisoara,RO,45.7494,21.2272,50.99,96,0,12.66,clear sky,2023-01-19 02:17:34
299,Longhua,CN,23.6137,114.1919,56.48,54,0,2.93,clear sky,2023-01-19 02:17:34
300,Margate,GB,51.3813,1.3862,35.69,87,9,4.0,clear sky,2023-01-19 02:17:35
301,Pionerskiy,RU,54.9508,20.2275,36.75,77,85,13.29,overcast clouds,2023-01-19 02:17:35
302,Mahebourg,MU,-20.4081,57.7,78.26,94,75,11.5,light intensity shower rain,2023-01-19 02:17:35
303,Mehamn,NO,71.0357,27.8492,30.15,74,40,13.8,scattered clouds,2023-01-19 02:17:36
304,Kurikka,FI,62.6167,22.4167,31.08,92,100,6.24,overcast clouds,2023-01-19 02:17:36
305,Nanortalik,GL,60.1432,-45.2371,27.97,86,100,14.54,light snow,2023-01-19 02:17:36
306,Aden,YE,12.7794,45.0367,75.54,72,6,9.1,clear sky,2023-01-19 02:17:37
307,Sherlovaya Gora,RU,50.5667,116.25,-10.46,95,100,9.42,overcast clouds,2023-01-19 02:17:37
308,Kushmurun,KZ,52.4503,64.6311,-9.26,80,16,4.27,few clouds,2023-01-19 02:17:37
309,Bilibino,RU,68.0546,166.4372,-35.14,99,100,1.88,overcast clouds,2023-01-19 02:17:38
310,Sterling,US,39.0062,-77.4286,47.21,73,40,8.05,scattered clouds,2023-01-19 02:13:00
311,Sao Joao Da Barra,BR,-21.6403,-41.0511,74.82,88,0,10.09,clear sky,2023-01-19 02:15:28
312,Espinosa,BR,-14.9261,-42.8192,66.61,89,3,3.71,clear sky,2023-01-19 02:17:38
313,Lebedinyy,RU,58.5167,125.5167,-48.28,98,100,2.59,overcast clouds,2023-01-19 02:17:38
314,Te Anau,NZ,-45.4167,167.7167,78.17,29,37,6.13,scattered clouds,2023-01-19 02:17:39
315,Monte Santo,BR,-10.4378,-39.3328,71.76,71,76,7.99,broken clouds,2023-01-19 02:17:39
316,Mangan,IN,27.5167,88.5333,51.64,46,1,3.15,clear sky,2023-01-19 02:17:39
317,Poya,NC,-21.35,165.15,82.38,59,3,12.66,clear sky,2023-01-19 02:17:40
318,Susanville,US,40.4163,-120.653,33.8,93,100,4.61,overcast clouds,2023-01-19 02:17:40
319,Rock Sound,BS,24.9,-76.2,75.31,62,93,13.71,overcast clouds,2023-01-19 02:17:40
320,Oranjestad,AW,12.524,-70.027,78.91,85,20,14.97,few clouds,2023-01-19 02:17:41
321,Aklavik,CA,68.2191,-135.0107,-5.51,100,100,1.77,overcast clouds,2023-01-19 02:17:41
322,Spencer,US,43.1414,-95.1444,30.31,89,100,21.85,snow,2023-01-19 02:17:41
323,Vilyuysk,RU,63.7553,121.6247,-61.65,99,83,4.72,broken clouds,2023-01-19 02:17:41
324,Fuerte Olimpo,PY,-21.0415,-57.8738,76.03,82,68,2.62,broken clouds,2023-01-19 02:17:42
325,Bengkulu,ID,-3.8004,102.2655,77.4,85,99,4.88,overcast clouds,2023-01-19 02:17:42
326,Kieta,PG,-6.2167,155.6333,85.5,73,57,12.5,light rain,2023-01-19 02:17:42
327,Fairbanks,US,64.8378,-147.7164,-11.24,78,20,0.0,few clouds,2023-01-19 02:14:43
328,Kodinsk,RU,58.6881,99.1844,-47.65,100,98,2.95,overcast clouds,2023-01-19 02:17:43
329,Broome,US,42.2506,-75.833,37.71,89,100,6.91,overcast clouds,2023-01-19 02:17:43
330,Chau Doc,VN,10.7,105.1167,72.27,74,100,9.84,overcast clouds,2023-01-19 02:17:43
331,Tonantins,BR,-2.8731,-67.8022,72.25,98,100,2.68,overcast clouds,2023-01-19 02:17:44
332,Comodoro Rivadavia,AR,-45.8667,-67.5,67.86,83,0,3.44,clear sky,2023-01-19 02:17:44
333,Mayo,US,38.8876,-76.5119,47.5,74,0,9.22,clear sky,2023-01-19 02:17:44
334,Zyryanka,RU,65.75,150.85,-20.97,97,100,11.41,overcast clouds,2023-01-19 02:17:45
335,Okha,RU,53.5739,142.9478,-23.73,93,23,10.25,few clouds,2023-01-19 02:17:45
336,Sitka,US,57.0531,-135.33,37.29,87,100,8.05,moderate rain,2023-01-19 02:17:45
337,Viedma,AR,-40.8135,-62.9967,71.01,75,91,14.58,overcast clouds,2023-01-19 02:17:46
338,Teshie,GH,5.5836,-0.1072,80.42,80,91,7.25,overcast clouds,2023-01-19 02:17:46
339,Upernavik,GL,72.7868,-56.1549,-18.65,74,100,4.79,overcast clouds,2023-01-19 02:17:46
340,Onega,RU,63.9061,38.1404,31.62,97,100,14.29,snow,2023-01-19 02:17:47
341,Umbauba,BR,-11.3833,-37.6578,71.67,91,6,3.02,clear sky,2023-01-19 02:17:47
342,Acarau,BR,-2.8856,-40.12,77.22,85,100,10.25,overcast clouds,2023-01-19 02:17:47
343,Warwick,US,41.7001,-71.4162,44.1,75,20,12.66,few clouds,2023-01-19 02:17:47
344,Los Llanos De Aridane,ES,28.6585,-17.9182,58.75,81,100,12.66,overcast clouds,2023-01-19 02:17:48
345,Kargasok,RU,59.0556,80.8572,5.85,96,100,7.7,overcast clouds,2023-01-19 02:17:48
346,Yerbogachen,RU,61.2767,108.0108,-37.03,98,100,1.63,overcast clouds,2023-01-19 02:17:48
347,Marsa Matruh,EG,31.3525,27.2453,56.77,71,0,11.36,clear sky,2023-01-19 02:17:49
348,Payson,US,40.0444,-111.7321,30.58,77,100,3.44,overcast clouds,2023-01-19 02:17:49
349,Labuhan,ID,-6.8844,112.2051,79.68,82,100,9.04,overcast clouds,2023-01-19 02:17:49
350,Berdigestyakh,RU,62.0989,126.6992,-45.13,96,100,5.21,overcast clouds,2023-01-19 02:17:50
351,Filiatra,GR,37.15,21.5833,62.69,81,5,20.56,clear sky,2023-01-19 02:17:50
352,Nouadhibou,MR,20.931,-17.0347,62.58,77,19,23.02,few clouds,2023-01-19 02:17:51
353,Bathsheba,BB,13.2167,-59.5167,77.61,73,40,17.27,light rain,2023-01-19 02:17:51
354,Ust-Nera,RU,64.5667,143.2,-21.6,99,100,6.31,overcast clouds,2023-01-19 02:17:52
355,Mbandaka,CD,0.0487,18.2603,78.12,53,100,2.86,overcast clouds,2023-01-19 02:17:52
356,Igarka,RU,67.4667,86.5833,-16.83,85,100,5.3,overcast clouds,2023-01-19 02:17:52
357,Eregli,TR,37.5133,34.0467,38.03,63,0,1.61,clear sky,2023-01-19 02:17:53
358,Sabzevar,IR,36.2126,57.6819,34.88,61,49,3.09,scattered clouds,2023-01-19 02:17:53
359,Lazaro Cardenas,MX,17.9583,-102.2,72.66,71,99,5.84,overcast clouds,2023-01-19 02:17:54
360,Honningsvag,NO,70.9821,25.9704,28.15,80,100,14.97,overcast clouds,2023-01-19 02:17:54
361,Taos,US,36.4072,-105.5731,27.0,78,100,13.8,light snow,2023-01-19 02:17:54
362,Buala,SB,-8.145,159.5921,85.1,72,95,11.41,light rain,2023-01-19 02:17:54
363,Shakawe,BW,-18.3667,21.85,66.63,97,91,3.13,overcast clouds,2023-01-19 02:17:55
364,Narsaq,GL,60.9167,-46.05,34.02,88,100,8.86,light snow,2023-01-19 02:17:55
365,Sydney Mines,CA,46.2367,-60.2177,38.17,93,100,3.44,overcast clouds,2023-01-19 02:17:55
366,La Serena,CL,-29.9078,-71.2542,62.11,88,100,5.75,overcast clouds,2023-01-19 02:17:56
367,Takaungu,KE,-3.6837,39.8566,76.42,85,99,7.4,overcast clouds,2023-01-19 02:17:56
368,Hauterive,FR,46.0901,3.4459,30.96,98,100,4.14,snow,2023-01-19 02:17:56
369,Gwembe,ZM,-16.4975,27.6069,61.47,98,79,3.62,broken clouds,2023-01-19 02:17:57
370,Waingapu,ID,-9.6567,120.2641,84.31,67,95,6.64,overcast clouds,2023-01-19 02:17:57
371,Cerkezkoy,TR,41.285,28.0003,55.58,67,0,11.5,clear sky,2023-01-19 02:17:58
372,Carlsbad,US,33.1581,-117.3506,55.29,75,0,4.0,clear sky,2023-01-19 02:17:58
373,Coquimbo,CL,-29.9533,-71.3436,62.33,88,100,5.75,overcast clouds,2023-01-19 02:17:58
374,Kungurtug,RU,50.5994,97.5228,-19.52,95,98,2.08,overcast clouds,2023-01-19 02:17:59
375,Tuatapere,NZ,-46.1333,167.6833,76.15,42,32,4.88,scattered clouds,2023-01-19 02:17:59
376,Hervey Bay,AU,-25.2986,152.8535,85.01,57,0,8.99,clear sky,2023-01-19 02:17:59
377,Port Hedland,AU,-20.3167,118.5667,77.05,100,100,12.66,overcast clouds,2023-01-19 02:15:24
378,Itarema,BR,-2.9248,-39.9167,77.61,84,100,9.69,overcast clouds,2023-01-19 02:15:40
379,Kita,ML,13.0349,-9.4895,70.88,16,0,4.29,clear sky,2023-01-19 02:18:00
380,Hambantota,LK,6.1241,81.1185,73.45,71,79,14.5,broken clouds,2023-01-19 02:18:00
381,Alofi,NU,-19.0595,-169.9187,84.09,74,40,8.05,light rain,2023-01-19 02:18:00
382,Timberlake,US,37.3207,-79.2575,51.42,77,0,0.0,clear sky,2023-01-19 02:18:01
383,Oksfjord,NO,70.2396,22.3479,28.58,85,100,11.86,light snow,2023-01-19 02:18:01
384,Marsabit,KE,2.3284,37.9899,67.21,36,100,8.5,overcast clouds,2023-01-19 02:18:02
385,Mouila,GA,-1.8685,11.0559,74.12,96,100,1.5,overcast clouds,2023-01-19 02:18:02
386,Hami,CN,42.8,93.45,12.79,55,0,7.61,clear sky,2023-01-19 02:18:02
387,San Miguelito,PA,9.0333,-79.5,79.34,81,100,5.75,overcast clouds,2023-01-19 02:18:03
388,Taywarah,AF,33.35,64.4167,11.39,97,71,3.91,broken clouds,2023-01-19 02:18:03
389,Udachnyy,RU,66.4167,112.4,-57.46,100,60,1.97,broken clouds,2023-01-19 02:18:03
390,Roebourne,AU,-20.7833,117.1333,82.18,70,96,8.28,light rain,2023-01-19 02:18:04
391,Walvis Bay,NA,-22.9575,14.5053,66.09,80,93,8.9,overcast clouds,2023-01-19 02:18:04
392,Kirakira,SB,-10.4544,161.9205,84.34,72,100,10.65,moderate rain,2023-01-19 02:18:04
393,Ahuimanu,US,21.4447,-157.8378,82.11,61,75,11.5,broken clouds,2023-01-19 02:18:05
394,Koshurnikovo,RU,54.1667,93.3,-2.88,99,100,2.68,light snow,2023-01-19 02:18:05
395,Carutapera,BR,-1.195,-46.02,73.33,94,97,1.32,overcast clouds,2023-01-19 02:15:31
396,Kazanskoye,RU,55.6448,69.235,6.98,90,78,6.29,broken clouds,2023-01-19 02:18:05
397,Mocuba,MZ,-16.8392,36.9856,71.55,98,94,1.79,overcast clouds,2023-01-19 02:18:06
398,Loubomo,CG,-4.1997,12.6739,71.87,94,100,2.42,overcast clouds,2023-01-19 02:18:06
399,Bugene,TZ,-1.5911,31.1403,55.89,90,27,3.04,scattered clouds,2023-01-19 02:18:06
400,Sao Filipe,CV,14.8961,-24.4956,75.13,65,1,12.57,clear sky,2023-01-19 02:18:07
401,Deputatskiy,RU,69.3,139.9,-31.67,100,99,0.63,overcast clouds,2023-01-19 02:18:07
402,Emerald,AU,-23.5333,148.1667,84.34,55,0,10.38,clear sky,2023-01-19 02:18:07
403,Santa Maria,BR,-29.6842,-53.8069,72.86,85,41,11.79,scattered clouds,2023-01-19 02:18:08
404,Richards Bay,ZA,-28.783,32.0377,78.35,77,100,14.41,overcast clouds,2023-01-19 02:18:08
405,Bend,US,44.0582,-121.3153,34.38,85,0,3.44,clear sky,2023-01-19 02:17:22
406,Laguna,US,38.421,-121.4238,53.58,77,100,12.66,overcast clouds,2023-01-19 02:18:08
407,Bulgan,MN,48.8125,103.5347,-15.27,86,9,3.13,clear sky,2023-01-19 02:18:09
408,Akdepe,TM,42.0551,59.3788,10.49,55,30,7.81,scattered clouds,2023-01-19 02:18:09
409,Lincoln,US,40.8,-96.667,33.71,95,100,9.22,mist,2023-01-19 02:15:33
410,Reconquista,AR,-29.15,-59.65,86.0,35,6,5.57,clear sky,2023-01-19 02:18:10
411,Banda Aceh,ID,5.5577,95.3222,78.85,76,100,11.74,overcast clouds,2023-01-19 02:18:10
412,Mansa,IN,29.9833,75.3833,45.97,44,86,4.27,overcast clouds,2023-01-19 02:18:10
413,Vanimo,PG,-2.6741,141.3028,82.83,68,93,6.42,overcast clouds,2023-01-19 02:18:11
414,Lobito,AO,-12.3481,13.5456,76.39,81,100,4.23,overcast clouds,2023-01-19 02:18:11
415,Devils Lake,US,48.1128,-98.8651,17.71,93,100,3.44,overcast clouds,2023-01-19 02:14:57
416,Raton,US,36.9034,-104.4391,25.41,80,0,11.5,clear sky,2023-01-19 02:18:11
417,Berlevag,NO,70.8578,29.0864,30.2,80,100,11.5,overcast clouds,2023-01-19 02:18:12
418,Khandyga,RU,62.6667,135.6,-55.5,97,92,0.98,overcast clouds,2023-01-19 02:18:12
419,Fortuna,US,40.5982,-124.1573,43.66,96,20,6.91,few clouds,2023-01-19 02:14:50
420,Montijo,PT,38.7067,-8.9739,50.0,94,20,2.3,few clouds,2023-01-19 02:18:13
421,Almaty,KZ,43.25,76.95,-2.29,78,20,4.47,mist,2023-01-19 02:18:13
422,Kashi,CN,39.4547,75.9797,4.21,66,20,6.71,few clouds,2023-01-19 02:18:13
423,Ilulissat,GL,69.2167,-51.1,-30.93,66,0,5.35,clear sky,2023-01-19 02:18:14
424,Khawhai,IN,23.3667,93.1167,44.04,48,0,1.92,clear sky,2023-01-19 02:18:14
425,Xuanhua,CN,40.6103,115.0447,20.07,59,81,14.41,broken clouds,2023-01-19 02:18:15
426,Lasa,IT,46.6166,10.7002,31.03,92,100,6.93,light snow,2023-01-19 02:18:15
427,Ribeira Grande,PT,38.5167,-28.7,54.77,84,19,4.0,few clouds,2023-01-19 02:18:15
428,Plettenberg Bay,ZA,-34.0527,23.3716,70.9,96,100,6.2,overcast clouds,2023-01-19 02:18:16
429,Hamilton,US,39.1834,-84.5333,44.94,90,100,12.66,moderate rain,2023-01-19 02:15:16
430,Port Blair,IN,11.6667,92.75,75.24,83,100,2.3,mist,2023-01-19 02:18:16
431,Tezu,IN,27.9167,96.1667,59.79,26,0,1.34,clear sky,2023-01-19 02:18:16
432,Abadiania,BR,-16.2042,-48.7069,67.12,86,7,0.81,clear sky,2023-01-19 02:18:17
433,Ancud,CL,-41.8697,-73.8203,55.96,83,7,3.02,clear sky,2023-01-19 02:18:17
434,Baherden,TM,38.4362,57.4316,32.2,59,92,2.44,overcast clouds,2023-01-19 02:18:17
435,Isangel,VU,-19.55,169.2667,77.11,88,100,21.85,overcast clouds,2023-01-19 02:18:18
436,Gualeguay,AR,-33.1416,-59.3097,73.35,73,85,8.61,overcast clouds,2023-01-19 02:18:18
437,Kloulklubed,PW,7.0419,134.2556,81.1,80,99,16.53,light rain,2023-01-19 02:18:18
438,Vila Velha,BR,-20.3297,-40.2925,75.15,91,40,5.75,scattered clouds,2023-01-19 02:18:19
439,Lorengau,PG,-2.0226,147.2712,82.9,76,59,9.75,broken clouds,2023-01-19 02:18:19
440,Cascais,PT,38.6979,-9.4215,49.93,74,95,23.0,overcast clouds,2023-01-19 02:17:50
441,Suluq,LY,31.6682,20.2521,53.08,56,66,13.87,broken clouds,2023-01-19 02:17:19
442,Chongwe,ZM,-15.3292,28.682,63.36,99,100,1.81,light rain,2023-01-19 02:18:20
443,Arman,RU,59.7,150.1667,-13.4,77,86,13.27,overcast clouds,2023-01-19 02:18:20
444,Palmas De Monte Alto,BR,-14.2672,-43.1619,68.02,80,74,4.38,broken clouds,2023-01-19 02:18:20
445,Cumberland,US,35.0502,-78.8664,58.46,88,0,1.01,clear sky,2023-01-19 02:15:54
446,Tikrit,IQ,34.6071,43.6782,50.0,73,0,9.42,clear sky,2023-01-19 02:18:21
447,Acapulco,MX,16.8634,-99.8901,78.62,65,20,3.44,few clouds,2023-01-19 02:13:56
448,Lanxi,CN,29.2195,119.477,45.3,52,41,0.51,scattered clouds,2023-01-19 02:18:21
449,Luderitz,NA,-26.6481,15.1594,65.55,85,5,9.64,clear sky,2023-01-19 02:18:21
450,Komsomolskiy,UZ,40.4272,71.7189,16.52,79,79,4.61,mist,2023-01-19 02:18:22
451,Prainha,BR,-1.8,-53.48,70.75,99,100,1.86,overcast clouds,2023-01-19 02:18:22
452,Champerico,GT,14.3,-91.9167,77.94,65,97,5.21,overcast clouds,2023-01-19 02:18:23
453,Bogotol,RU,56.2078,89.5342,0.54,97,100,4.92,overcast clouds,2023-01-19 02:18:23
454,Urengoy,RU,65.9667,78.3667,-14.75,98,70,6.51,broken clouds,2023-01-19 02:18:23
455,Agadir,MA,30.4202,-9.5982,50.45,56,0,5.3,clear sky,2023-01-19 02:17:27
456,Aktau,KZ,43.65,51.2,14.58,43,6,9.82,clear sky,2023-01-19 02:18:24
457,Salalah,OM,17.0151,54.0924,70.02,55,6,17.38,clear sky,2023-01-19 02:18:24
458,Beidao,CN,34.5686,105.8933,24.42,71,100,1.92,overcast clouds,2023-01-19 02:18:24
459,Caravelas,BR,-17.7125,-39.2481,74.14,91,0,3.42,clear sky,2023-01-19 02:18:25
460,Svetlogorsk,BY,52.6333,29.7333,39.11,88,59,10.98,broken clouds,2023-01-19 02:18:25
461,Mujiayingzi,CN,42.1167,118.7833,17.51,63,8,10.85,clear sky,2023-01-19 02:18:25
462,Abu Kamal,SY,34.4506,40.9171,51.1,79,0,7.47,clear sky,2023-01-19 02:18:26
463,Lumeje,AO,-11.55,20.7833,62.33,96,100,4.94,overcast clouds,2023-01-19 02:18:26
464,Jackson,US,42.4165,-122.8345,38.44,93,75,0.0,broken clouds,2023-01-19 02:16:34
465,Touros,BR,-5.1989,-35.4608,78.57,77,34,10.6,scattered clouds,2023-01-19 02:18:27
466,Zeya,RU,53.75,127.2667,-22.74,82,100,5.55,overcast clouds,2023-01-19 02:18:27
467,Opunake,NZ,-39.4556,173.8583,72.63,71,4,11.7,clear sky,2023-01-19 02:18:27
468,Fayaoue,NC,-20.65,166.5333,77.77,76,99,24.36,overcast clouds,2023-01-19 02:18:28
469,Balsas,BR,-7.5325,-46.0356,70.34,96,86,1.5,heavy intensity rain,2023-01-19 02:18:28
470,Alcains,PT,39.9164,-7.4566,36.1,85,0,5.44,clear sky,2023-01-19 02:18:28
471,Saint Anthony,US,45.0205,-93.218,33.24,84,100,13.8,overcast clouds,2023-01-19 02:18:29
472,Qasigiannguit,GL,68.8193,-51.1922,-31.29,66,0,3.74,clear sky,2023-01-19 02:18:29
473,Hita,JP,33.3167,130.9333,45.28,59,26,4.99,scattered clouds,2023-01-19 02:18:29
474,Bonavista,CA,48.6499,-53.1147,35.78,94,100,10.02,overcast clouds,2023-01-19 02:18:30
475,Takapau,NZ,-40.0333,176.35,62.46,91,100,1.88,overcast clouds,2023-01-19 02:18:30
476,Jacmel,HT,18.2342,-72.5347,73.24,78,0,2.13,clear sky,2023-01-19 02:18:30
477,Killybegs,IE,54.6333,-8.45,39.36,71,100,9.08,overcast clouds,2023-01-19 02:18:31
478,Beyneu,KZ,45.3167,55.2,23.97,71,0,10.11,clear sky,2023-01-19 02:18:31
479,Dingle,PH,10.9995,122.6711,81.0,83,68,15.43,broken clouds,2023-01-19 02:18:31
480,Marshfield,US,44.6689,-90.1718,29.66,86,100,17.27,overcast clouds,2023-01-19 02:17:20
481,Qeshm,IR,26.9581,56.2719,60.69,59,43,19.35,scattered clouds,2023-01-19 02:18:32
482,Colorado,BR,-22.8375,-51.9731,72.77,85,100,7.56,overcast clouds,2023-01-19 02:18:32
483,Manaus,BR,-3.1019,-60.025,75.7,83,20,10.36,moderate rain,2023-01-19 02:15:47
484,Kasane,BW,-17.8167,25.15,65.05,97,98,4.09,overcast clouds,2023-01-19 02:18:32
485,Omis,HR,43.4447,16.6886,53.53,80,97,19.73,light rain,2023-01-19 02:18:33
486,Kavieng,PG,-2.5744,150.7967,84.63,69,48,10.71,light rain,2023-01-19 02:18:33
487,Puerto Boyaca,CO,5.9758,-74.5885,72.84,94,10,0.92,clear sky,2023-01-19 02:18:33
488,Vangaindrano,MG,-23.35,47.6,74.41,84,85,6.76,overcast clouds,2023-01-19 02:18:34
489,Naze,JP,28.3667,129.4833,54.52,56,72,9.37,broken clouds,2023-01-19 02:18:34
490,Salinas,US,36.6777,-121.6555,52.92,78,0,4.61,clear sky,2023-01-19 02:15:32
491,Arvada,US,39.8028,-105.0875,28.31,91,100,3.0,overcast clouds,2023-01-19 02:15:38
492,Point Fortin,TT,10.1833,-61.6833,74.89,79,100,12.01,overcast clouds,2023-01-19 02:18:35
493,Wajid,SO,3.8093,43.2471,70.21,71,56,16.15,broken clouds,2023-01-19 02:18:35
494,Padang,ID,-0.9492,100.3543,80.65,83,100,2.01,overcast clouds,2023-01-19 02:18:35
495,Xining,CN,36.6167,101.7667,7.72,60,0,1.7,clear sky,2023-01-19 02:18:36
496,Nimaj,IN,26.1497,74.0,50.09,38,3,9.15,clear sky,2023-01-19 02:18:36
497,Sambava,MG,-14.2667,50.1667,77.72,92,100,20.09,moderate rain,2023-01-19 02:18:36
498,Henties Bay,NA,-22.116,14.2845,65.62,89,34,7.0,scattered clouds,2023-01-19 02:18:37
499,Maine-Soroa,NE,13.2114,12.0241,64.22,24,0,9.08,clear sky,2023-01-19 02:18:37
500,Kalispell,US,48.1958,-114.3129,32.04,86,100,3.44,overcast clouds,2023-01-19 02:16:01
501,Santa Rosa,PH,14.3122,121.1114,84.11,66,57,15.68,broken clouds,2023-01-19 02:18:37
502,Dwarka,IN,22.2394,68.9678,66.54,53,15,9.91,few clouds,2023-01-19 02:18:38
503,Kashan,IR,33.9831,51.4364,38.95,54,0,1.9,clear sky,2023-01-19 02:18:38
504,Beloha,MG,-25.1667,45.05,70.05,83,4,6.93,clear sky,2023-01-19 02:18:38
505,West Helena,US,34.5507,-90.6418,55.15,93,100,6.96,overcast clouds,2023-01-19 02:18:38
506,Kotdwara,IN,29.75,78.5333,54.34,50,100,3.31,overcast clouds,2023-01-19 02:18:39
507,Thunder Bay,CA,48.4001,-89.3168,21.18,73,100,6.91,overcast clouds,2023-01-19 02:17:36
508,Shakiso,ET,5.75,38.9167,52.65,51,15,4.09,few clouds,2023-01-19 02:18:39
509,Nantucket,US,41.2835,-70.0995,45.0,77,0,12.66,clear sky,2023-01-19 02:18:39
510,Buchanan,LR,5.8808,-10.0467,77.99,88,49,2.66,scattered clouds,2023-01-19 02:18:40
511,Kodyma,UA,48.0988,29.1246,45.48,84,100,6.22,overcast clouds,2023-01-19 02:16:58
512,Nouakchott,MR,18.0858,-15.9785,66.13,40,48,11.1,scattered clouds,2023-01-19 02:18:40
513,Sao Felix Do Xingu,BR,-6.6447,-51.995,70.23,98,100,0.36,overcast clouds,2023-01-19 02:18:40
514,Sawtell,AU,-30.3833,153.1,86.18,61,40,16.11,scattered clouds,2023-01-19 02:18:41
515,Tha Chang,TH,9.2642,99.1922,82.22,78,20,8.97,few clouds,2023-01-19 02:18:41
516,Kholodnyy,RU,62.7167,147.95,-20.85,94,100,3.76,overcast clouds,2023-01-19 02:18:41
517,Nokaneng,BW,-19.6667,22.2667,67.98,89,100,5.75,overcast clouds,2023-01-19 02:18:42
518,Liptovsky Hradok,SK,49.0396,19.7234,30.97,98,100,4.27,light snow,2023-01-19 02:18:42
519,Vestmannaeyjar,IS,63.4427,-20.2734,25.65,69,20,14.63,few clouds,2023-01-19 02:18:42
520,Chicama,PE,-7.8447,-79.1469,66.74,67,100,5.19,overcast clouds,2023-01-19 02:18:43
521,Suwannaphum,TH,15.6035,103.8021,67.08,62,3,14.2,clear sky,2023-01-19 02:18:43
522,Valdivia,CL,-39.8142,-73.2459,60.89,72,1,1.12,clear sky,2023-01-19 02:18:27
523,Camocim,BR,-2.9022,-40.8411,75.97,88,100,7.38,overcast clouds,2023-01-19 02:18:43
524,Frunze,UA,48.6686,38.7544,35.78,82,100,12.28,overcast clouds,2023-01-19 02:18:44
525,Barmer,IN,25.75,71.3833,51.48,28,79,8.41,broken clouds,2023-01-19 02:18:44
526,Oga,IT,46.4631,10.347,22.8,93,100,7.74,overcast clouds,2023-01-19 02:18:44
527,Maltahohe,NA,-24.8333,16.9833,73.76,37,18,12.33,few clouds,2023-01-19 02:18:45
528,Omaruru,NA,-21.4333,15.9333,71.53,71,100,7.11,overcast clouds,2023-01-19 02:18:45
529,Tilichiki,RU,60.4667,166.1,-9.45,88,100,9.4,overcast clouds,2023-01-19 02:18:46
530,Nola,IT,40.922,14.5329,50.4,83,100,11.12,overcast clouds,2023-01-19 02:18:46
531,Ulaangom,MN,49.9811,92.0667,-7.82,95,100,1.05,overcast clouds,2023-01-19 02:18:46
532,Dalianwan,CN,39.0286,121.695,39.24,52,0,6.71,clear sky,2023-01-19 02:18:47
533,Chingola,ZM,-12.529,27.8838,59.72,99,97,3.24,overcast clouds,2023-01-19 02:18:47
534,Arona,ES,28.0996,-16.681,58.82,68,75,18.41,broken clouds,2023-01-19 02:15:07
535,Goderich,CA,43.7501,-81.7165,34.92,100,100,2.3,overcast clouds,2023-01-19 02:18:47
536,Praya,CV,14.9215,-23.5087,72.86,74,93,19.48,overcast clouds,2023-01-19 02:18:47
537,Sao Gabriel Da Cachoeira,BR,-0.1303,-67.0892,71.74,93,87,1.03,overcast clouds,2023-01-19 02:18:48
538,Sadiqabad,PK,28.3062,70.1307,52.36,30,79,9.98,broken clouds,2023-01-19 02:18:48
539,Kyshtovka,RU,56.555,76.6271,8.29,97,78,7.76,broken clouds,2023-01-19 02:18:48
540,San Isidro,PE,-12.1167,-77.05,75.02,78,0,8.05,clear sky,2023-01-19 02:18:49
541,Monterey,US,36.2505,-121.2516,43.9,73,53,4.23,broken clouds,2023-01-19 02:18:12
542,Ronchi Dei Legionari,IT,45.8236,13.5097,44.38,93,100,4.61,moderate rain,2023-01-19 02:18:49
543,Manicore,BR,-5.8092,-61.3003,69.67,96,100,2.77,overcast clouds,2023-01-19 02:18:49
544,Raudeberg,NO,61.9875,5.1352,34.95,64,94,11.92,light snow,2023-01-19 02:18:50
545,Pribyslav,CZ,49.5768,15.7386,33.01,99,100,9.86,overcast clouds,2023-01-19 02:18:50
546,Santa Isabel Do Rio Negro,BR,-0.4139,-65.0192,72.0,98,100,2.26,overcast clouds,2023-01-19 02:18:50
547,Yangjiang,CN,21.85,111.9667,57.74,61,0,8.05,clear sky,2023-01-19 02:18:51
548,Moron,AR,-34.6534,-58.6198,79.97,77,100,11.05,overcast clouds,2023-01-19 02:18:51
549,Durham,US,36.0335,-78.8664,56.26,87,100,3.44,overcast clouds,2023-01-19 02:16:33
550,Katsuura,JP,35.1333,140.3,47.5,69,100,15.46,overcast clouds,2023-01-19 02:18:51
551,Semey,KZ,50.4111,80.2275,-10.98,77,42,4.47,scattered clouds,2023-01-19 02:18:52
552,Metsavan,AM,41.2016,44.2288,26.76,63,9,6.06,clear sky,2023-01-19 02:18:52
553,Zhanaozen,KZ,43.3,52.8,25.0,56,0,9.42,clear sky,2023-01-19 02:18:52
554,Narimanov,RU,46.6927,47.8498,13.91,78,8,8.03,clear sky,2023-01-19 02:18:53
555,Opuwo,NA,-18.0607,13.84,67.91,79,100,1.48,light rain,2023-01-19 02:18:53
556,Kanchanaburi,TH,14.6333,99.1,74.89,58,64,3.36,broken clouds,2023-01-19 02:18:53
557,Half Moon Bay,US,37.4636,-122.4286,55.26,81,100,11.5,overcast clouds,2023-01-19 02:15:22
558,Mato Verde,BR,-15.3972,-42.8664,67.78,88,1,4.29,clear sky,2023-01-19 02:18:54
559,West Wendover,US,40.7391,-114.0733,21.36,89,90,2.62,overcast clouds,2023-01-19 02:15:59
560,Mogadishu,SO,2.0371,45.3438,76.19,84,100,18.28,overcast clouds,2023-01-19 02:14:06
561,Panama City,PA,8.9936,-79.5197,79.84,81,100,5.75,overcast clouds,2023-01-19 02:15:52
562,Turayf,SA,31.6725,38.6637,39.45,87,0,0.0,clear sky,2023-01-19 02:18:54
563,Constitucion,CL,-35.3333,-72.4167,56.1,93,16,3.89,few clouds,2023-01-19 02:18:55
564,Trincomalee,LK,8.5711,81.2335,77.59,63,5,12.12,clear sky,2023-01-19 02:18:55
565,Madison,US,34.7334,-86.5667,68.09,88,75,20.71,broken clouds,2023-01-19 02:14:46
566,Santa Lucia,ES,27.9117,-15.5407,54.77,82,75,9.22,broken clouds,2023-01-19 02:18:02
567,Kamenka,RU,51.3223,42.7678,20.59,79,32,14.45,scattered clouds,2023-01-19 02:18:56
568,Hobyo,SO,5.3505,48.5268,76.17,76,88,19.46,overcast clouds,2023-01-19 02:18:56
569,Polson,US,47.6936,-114.1632,17.92,95,84,1.3,broken clouds,2023-01-19 02:18:56
570,Gorokhovets,RU,56.1947,42.7003,23.54,85,15,14.18,few clouds,2023-01-19 02:18:56
571,Pacific Grove,US,36.6177,-121.9166,52.52,82,0,4.61,clear sky,2023-01-19 02:18:57
572,Tombouctou,ML,20.0,-3.0,68.29,16,100,7.38,overcast clouds,2023-01-19 02:18:57
573,Ugoofaaru,MV,5.6667,73.0,81.05,73,7,20.0,clear sky,2023-01-19 02:18:57
574,Vila Franca Do Campo,PT,37.7167,-25.4333,48.61,80,3,4.23,clear sky,2023-01-19 02:18:58
575,Srivardhan,IN,18.0333,73.0167,67.46,54,6,4.36,clear sky,2023-01-19 02:18:58
576,Awjilah,LY,29.1081,21.2869,55.2,41,81,11.25,broken clouds,2023-01-19 02:18:58
577,Vestnes,NO,62.6264,7.0884,33.71,88,100,6.62,overcast clouds,2023-01-19 02:18:59
578,Caconda,AO,-13.7333,15.0667,58.3,82,100,2.64,overcast clouds,2023-01-19 02:18:59
579,Brae,GB,60.3964,-1.353,37.6,89,100,22.06,moderate rain,2023-01-19 02:19:00
580,Maragogi,BR,-9.0122,-35.2225,76.82,86,28,7.9,scattered clouds,2023-01-19 02:19:00
581,Ust-Maya,RU,60.4167,134.5333,-44.93,92,100,1.83,overcast clouds,2023-01-19 02:19:01
582,Turukhansk,RU,65.8167,87.9833,-15.86,80,100,7.72,overcast clouds,2023-01-19 02:19:01
583,Priargunsk,RU,50.3691,119.1012,-15.36,97,94,6.11,overcast clouds,2023-01-19 02:19:02
584,Marawi,PH,7.9986,124.2928,78.24,72,40,3.4,scattered clouds,2023-01-19 02:19:02
585,Lakes Entrance,AU,-37.8811,147.981,69.17,56,33,13.06,scattered clouds,2023-01-19 02:19:02
586,Matagami,CA,49.7502,-77.6328,14.11,92,100,11.5,light snow,2023-01-19 02:19:03
587,Marevo,RU,57.3146,32.0804,37.94,93,100,17.0,overcast clouds,2023-01-19 02:19:03
588,Cabedelo,BR,-6.9811,-34.8339,75.87,84,62,11.41,broken clouds,2023-01-19 02:19:03
589,San Patricio,US,28.017,-97.5169,71.69,55,7,6.73,clear sky,2023-01-19 02:19:04
590,Cherskiy,RU,68.75,161.3,-45.0,99,94,3.78,overcast clouds,2023-01-19 02:19:04
591,Matay,EG,28.419,30.7792,52.5,43,0,3.69,clear sky,2023-01-19 02:19:05
592,Katrineholm,SE,58.9959,16.2072,30.72,91,100,4.25,overcast clouds,2023-01-19 02:19:05
593,Kardailovo,RU,51.5386,53.9042,-0.83,82,0,7.67,clear sky,2023-01-19 02:19:05
594,Yeppoon,AU,-23.1333,150.7333,83.98,71,19,14.67,few clouds,2023-01-19 02:19:06
595,Suntar,RU,62.1444,117.6319,-63.18,100,96,1.88,overcast clouds,2023-01-19 02:19:06
596,Husavik,IS,66.0449,-17.3389,25.3,77,100,11.07,light snow,2023-01-19 02:19:06
597,Quatre Cocos,MU,-20.2078,57.7625,79.09,88,97,15.32,moderate rain,2023-01-19 02:19:07
598,Saint-Ambroise,CA,48.5501,-71.3324,28.71,88,96,10.13,overcast clouds,2023-01-19 02:19:07
599,Astoria,US,46.1879,-123.8313,44.85,86,0,0.0,clear sky,2023-01-19 02:17:47
600,Storsteinnes,NO,69.2408,19.2344,29.37,90,100,5.84,overcast clouds,2023-01-19 02:19:07
601,Bilma,NE,18.6853,12.9164,60.31,21,3,4.47,clear sky,2023-01-19 02:19:08
602,Florianopolis,BR,-27.6146,-48.5012,74.62,89,75,4.61,broken clouds,2023-01-19 02:19:08
603,Imeni Babushkina,RU,59.7573,43.1285,23.14,89,97,12.35,overcast clouds,2023-01-19 02:19:09
604,Siva,EG,29.2041,25.5195,53.65,57,0,5.88,clear sky,2023-01-19 02:19:09
605,Vestmanna,FO,62.1564,-7.1664,36.52,81,75,21.85,drizzle rain,2023-01-19 02:19:09
606,Itoman,JP,26.1247,127.6694,65.17,55,20,11.5,few clouds,2023-01-19 02:19:10
607,Sept-Iles,CA,50.2001,-66.3821,33.06,78,100,11.5,overcast clouds,2023-01-19 02:19:10
608,Cuamba,MZ,-14.8031,36.5372,67.86,99,100,2.13,overcast clouds,2023-01-19 02:19:10
609,Zholymbet,KZ,51.7433,71.7122,-3.23,69,5,6.51,clear sky,2023-01-19 02:19:11
610,Tshela,CD,-4.9833,12.9333,73.27,99,100,0.29,light rain,2023-01-19 02:19:11
611,Thinadhoo,MV,0.5333,72.9333,81.66,74,67,10.51,broken clouds,2023-01-19 02:19:11
612,Dinguiraye,GN,11.3,-10.7167,69.15,18,0,2.21,clear sky,2023-01-19 02:19:12
613,Pochutla,MX,15.7432,-96.4661,76.82,84,24,5.12,few clouds,2023-01-19 02:19:12
614,Sarangani,PH,5.4033,125.4636,81.66,79,44,16.13,scattered clouds,2023-01-19 02:19:12
615,Diego De Almagro,CL,-26.3667,-70.05,67.05,49,0,2.64,clear sky,2023-01-19 02:19:13
616,Letchworth,GB,51.9794,-0.2284,32.4,93,39,3.0,scattered clouds,2023-01-19 02:19:13
617,Saint-Leu,RE,-21.15,55.2833,81.95,100,99,1.39,light rain,2023-01-19 02:19:13
618,Sinnamary,GF,5.3833,-52.95,75.27,87,90,7.67,overcast clouds,2023-01-19 02:19:14
619,Rio Gallegos,AR,-51.6226,-69.2181,64.45,55,20,9.22,few clouds,2023-01-19 02:19:14
620,Bossier City,US,32.516,-93.7321,57.2,90,0,8.05,mist,2023-01-19 02:17:02
621,Alvand,IR,36.3187,49.1678,21.97,87,27,6.4,scattered clouds,2023-01-19 02:19:14
622,Edson,CA,53.5835,-116.4356,14.11,92,0,4.61,clear sky,2023-01-19 02:15:15
623,Lhokseumawe,ID,5.1801,97.1507,79.48,69,99,2.64,overcast clouds,2023-01-19 02:19:15
624,Breyten,ZA,-26.3018,29.987,57.04,85,99,3.4,overcast clouds,2023-01-19 02:19:15
625,Lyngseidet,NO,69.5763,20.2189,26.6,84,100,15.21,light snow,2023-01-19 02:19:15
626,Slimnic,RO,45.9167,24.1667,54.82,54,0,12.66,clear sky,2023-01-19 02:19:16
627,Luau,AO,-10.7073,22.2247,61.68,98,97,3.47,overcast clouds,2023-01-19 02:19:16
628,Korla,CN,41.7597,86.1469,5.22,83,7,1.3,clear sky,2023-01-19 02:19:16
629,Tura,IN,25.5198,90.2201,56.53,60,0,2.39,clear sky,2023-01-19 02:19:17
630,Ambon,ID,-3.6954,128.1814,89.74,58,20,9.22,few clouds,2023-01-19 02:19:17
631,Merauke,ID,-8.4667,140.3333,85.14,71,100,17.22,moderate rain,2023-01-19 02:19:17
632,Bhinmal,IN,25.0,72.25,57.0,24,100,7.47,overcast clouds,2023-01-19 02:19:18
633,Samarai,PG,-10.6167,150.6667,84.54,70,100,5.7,overcast clouds,2023-01-19 02:19:18
634,Khash,IR,28.2211,61.2158,37.02,87,86,5.75,overcast clouds,2023-01-19 02:19:18
635,Gayny,RU,60.3071,54.3241,17.67,91,97,6.87,overcast clouds,2023-01-19 02:19:19
636,Morant Bay,JM,17.8815,-76.4093,78.42,80,25,8.23,scattered clouds,2023-01-19 02:19:19
637,Iskateley,RU,67.6803,53.1512,7.63,97,100,9.15,overcast clouds,2023-01-19 02:19:19
638,Loandjili,CG,-4.7561,11.8578,78.71,84,100,3.47,light rain,2023-01-19 02:19:20
639,Djambala,CG,-2.5447,14.7533,69.6,86,100,3.6,overcast clouds,2023-01-19 02:19:20
640,Tulum,MX,20.2167,-87.4667,77.81,82,14,10.83,few clouds,2023-01-19 02:19:20
641,The Valley,AI,18.217,-63.0578,77.09,79,0,11.36,clear sky,2023-01-19 02:19:21
642,Veraval,IN,20.9,70.3667,65.61,36,0,8.66,clear sky,2023-01-19 02:19:21
643,Taltal,CL,-25.4,-70.4833,67.01,83,37,3.44,scattered clouds,2023-01-19 02:17:24
644,Mecca,SA,21.4267,39.8261,70.92,46,19,2.66,few clouds,2023-01-19 02:14:49
645,Kenora,CA,49.8167,-94.4337,14.97,85,100,4.61,overcast clouds,2023-01-19 02:15:18
646,Japura,ID,-0.3167,102.35,77.86,87,63,3.02,light rain,2023-01-19 02:19:22
647,Batagay-Alyta,RU,67.8006,130.4114,-29.36,95,95,4.41,overcast clouds,2023-01-19 02:19:22
648,Ust-Ilimsk,RU,58.0006,102.6619,-40.86,98,37,3.51,scattered clouds,2023-01-19 02:19:22
649,Zaoyang,CN,32.1272,112.7542,42.58,40,100,4.59,overcast clouds,2023-01-19 02:19:23
650,Boo,SE,59.3333,18.2833,30.97,94,100,4.88,overcast clouds,2023-01-19 02:19:23
651,Arroyo,ES,41.6096,-4.7969,33.6,88,0,12.66,clear sky,2023-01-19 02:19:23
652,Sanmenxia,CN,34.7747,111.1814,34.27,44,66,6.13,broken clouds,2023-01-19 02:19:24
653,Goundam,ML,16.4145,-3.6708,67.44,15,1,6.11,clear sky,2023-01-19 02:19:24
654,Bani Walid,LY,31.7566,13.9942,54.12,21,0,12.08,clear sky,2023-01-19 02:19:24
655,Elbistan,TR,38.2059,37.1983,35.8,83,0,1.34,clear sky,2023-01-19 02:19:25
656,Praia Da Vitoria,PT,38.7333,-27.0667,51.76,93,0,3.47,clear sky,2023-01-19 02:19:25
657,El Monte,US,34.0686,-118.0276,56.44,67,100,4.32,overcast clouds,2023-01-19 02:19:25
658,Sabang,ID,5.8933,95.3214,79.81,76,100,17.11,overcast clouds,2023-01-19 02:19:26
659,Galesong,ID,-5.3166,119.3661,78.82,75,84,10.42,broken clouds,2023-01-19 02:19:26
660,San Carlos,VE,9.6612,-68.5827,75.97,69,23,4.14,few clouds,2023-01-19 02:19:26
661,Luwuk,ID,-0.9516,122.7875,84.83,66,100,0.69,overcast clouds,2023-01-19 02:19:27
662,Pimentel,PE,-6.8367,-79.9342,70.09,83,0,14.97,clear sky,2023-01-19 02:19:27
663,Smestad,NO,59.9333,10.6667,33.03,98,100,1.81,light snow,2023-01-19 02:19:27
664,Lahij,YE,13.1667,44.5833,67.95,78,2,2.66,clear sky,2023-01-19 02:19:28
665,Graaff-Reinet,ZA,-32.2522,24.5308,70.92,83,85,7.09,overcast clouds,2023-01-19 02:19:28
666,Okhotsk,RU,59.3833,143.3,-11.34,82,91,10.74,overcast clouds,2023-01-19 02:19:28
667,Gordeyevka,RU,52.9569,31.9703,40.55,97,89,11.56,overcast clouds,2023-01-19 02:19:29
668,Wamba,NG,8.9333,8.6,71.04,26,15,4.14,few clouds,2023-01-19 02:19:29
669,Chulym,RU,55.0997,80.9572,8.35,95,100,8.28,overcast clouds,2023-01-19 02:19:29
670,Roald,NO,62.5833,6.1333,38.34,70,75,11.5,broken clouds,2023-01-19 02:19:30
671,Jalu,LY,29.0331,21.5482,54.93,43,50,11.07,scattered clouds,2023-01-19 02:19:30
672,Tanout,NE,14.9709,8.8879,60.91,23,0,9.15,clear sky,2023-01-19 02:19:30
673,Huron,US,41.1501,-82.5499,38.68,88,100,6.91,overcast clouds,2023-01-19 02:19:30
674,Hohhot,CN,40.8106,111.6522,16.09,48,0,11.18,clear sky,2023-01-19 02:19:31
675,Loikaw,MM,19.6742,97.2094,63.95,59,100,1.16,overcast clouds,2023-01-19 02:19:31
676,Neosho,US,36.869,-94.368,51.78,82,0,4.0,clear sky,2023-01-19 02:19:31
677,Hofn,IS,64.2539,-15.2082,27.45,63,84,23.15,broken clouds,2023-01-19 02:19:32
678,Baghdad,IQ,33.3406,44.4009,48.11,100,0,5.75,clear sky,2023-01-19 02:19:32
679,Arbuzynka,UA,47.9097,31.3196,42.17,97,43,9.73,scattered clouds,2023-01-19 02:19:32
680,Pishin,PK,30.5803,66.9961,36.68,99,100,1.23,overcast clouds,2023-01-19 02:19:33
681,Garowe,SO,8.4054,48.4845,64.44,89,39,7.47,scattered clouds,2023-01-19 02:19:33
682,San Juan,AR,-31.5375,-68.5364,83.97,42,9,8.41,clear sky,2023-01-19 02:19:33
683,Ballina,AU,-28.8667,153.5667,86.02,53,0,12.62,clear sky,2023-01-19 02:19:33
684,Kaohsiung,TW,22.6163,120.3133,67.95,66,75,4.61,broken clouds,2023-01-19 02:19:34
685,Vredendal,ZA,-31.6683,18.5012,66.45,88,97,2.89,overcast clouds,2023-01-19 02:19:34
686,Bang Saphan,TH,11.2126,99.5117,79.09,65,100,9.35,overcast clouds,2023-01-19 02:19:34
687,Valledupar,CO,10.4631,-73.2532,80.29,61,20,11.5,few clouds,2023-01-19 02:16:57
688,San Pedro,PH,14.35,121.0167,83.35,66,75,3.44,broken clouds,2023-01-19 02:16:33
689,Chinchani,IN,19.8667,72.7,66.45,50,2,3.85,clear sky,2023-01-19 02:19:35
690,Carballo,ES,43.213,-8.691,48.87,91,74,3.91,broken clouds,2023-01-19 02:19:35
691,Ternate,ID,0.8,127.4,83.16,71,75,5.95,light rain,2023-01-19 02:19:36
692,Abeche,TD,13.8292,20.8324,66.88,21,8,8.63,clear sky,2023-01-19 02:19:36
